what,kind,bundleId,bundleVersion,description,time
stopped,bundle,org.eclipse.mylyn.wikitext.tasks.ui,1.6.1.v20120425-0100,"org.eclipse.mylyn.wikitext.tasks.ui",1365768474157
stopped,bundle,org.eclipse.mylyn.tasks.ui,3.7.1.v20120425-0100,"org.eclipse.mylyn.tasks.ui",1365768474157
stopped,bundle,org.eclipse.mylyn.commons.repositories.ui,0.9.1.v20120425-0100,"org.eclipse.mylyn.commons.repositories.ui",1365768474158
stopped,bundle,org.eclipse.mylyn.commons.team,0.9.1.v20120412-0100,"org.eclipse.mylyn.commons.team",1365768474158
stopped,bundle,org.eclipse.wst.xsd.ui,1.2.304.v201101251958,"org.eclipse.wst.xsd.ui",1365768474160
stopped,bundle,org.eclipse.emf.edit.ui,2.6.0.v20100914-1218,"org.eclipse.emf.edit.ui",1365768474161
stopped,bundle,org.eclipse.wst.common.snippets,1.2.2.v201101130441,"org.eclipse.wst.common.snippets",1365768474192
activated,perspective,org.eclipse.jdt.ui,,"org.eclipse.jdt.ui.JavaPerspective",1365768532392
started,bundle,org.eclipse.osgi,3.6.2.R36x_v20110210,"org.eclipse.osgi",1365768532394
started,bundle,org.eclipse.equinox.simpleconfigurator,1.0.200.v20100503,"org.eclipse.equinox.simpleconfigurator",1365768532394
started,bundle,com.ibm.icu,4.2.1.v20100412,"com.ibm.icu",1365768532395
started,bundle,org.eclipse.core.contenttype,3.4.100.v20100505-1235,"org.eclipse.core.contenttype",1365768532395
started,bundle,org.eclipse.core.databinding.observable,1.3.0.I20100601-0800,"org.eclipse.core.databinding.observable",1365768532396
started,bundle,org.eclipse.core.expressions,3.4.200.v20100505,"org.eclipse.core.expressions",1365768532396
started,bundle,org.eclipse.core.filebuffers,3.5.100.v20100520-0800,"org.eclipse.core.filebuffers",1365768532397
started,bundle,org.eclipse.core.filesystem,1.3.1.R36x_v20100727-0745,"org.eclipse.core.filesystem",1365768532397
started,bundle,org.eclipse.core.jobs,3.5.1.R36x_v20100824,"org.eclipse.core.jobs",1365768532398
started,bundle,org.eclipse.core.net,1.2.100.I20100511-0800,"org.eclipse.core.net",1365768532398
started,bundle,org.eclipse.core.runtime,3.6.0.v20100505,"org.eclipse.core.runtime",1365768532399
started,bundle,org.eclipse.core.runtime.compatibility,3.2.100.v20100505,"org.eclipse.core.runtime.compatibility",1365768532399
started,bundle,org.eclipse.core.runtime.compatibility.auth,3.2.200.v20100517,"org.eclipse.core.runtime.compatibility.auth",1365768532400
started,bundle,org.eclipse.core.variables,3.2.400.v20100505,"org.eclipse.core.variables",1365768532400
started,bundle,org.eclipse.debug.core,3.6.0.v20100519,"org.eclipse.debug.core",1365768532401
started,bundle,org.eclipse.equinox.app,1.3.1.R36x_v20100803,"org.eclipse.equinox.app",1365768532401
started,bundle,org.eclipse.equinox.common,3.6.0.v20100503,"org.eclipse.equinox.common",1365768532402
started,bundle,org.eclipse.equinox.ds,1.2.1.R36x_v20100803,"org.eclipse.equinox.ds",1365768532402
started,bundle,org.eclipse.equinox.event,1.2.0.v20100503,"org.eclipse.equinox.event",1365768532403
started,bundle,org.eclipse.equinox.p2.metadata.repository,1.1.0.v20100513,"org.eclipse.equinox.p2.metadata.repository",1365768532403
started,bundle,org.eclipse.equinox.p2.operations,2.0.0.v20100510,"org.eclipse.equinox.p2.operations",1365768532404
started,bundle,org.eclipse.equinox.p2.ui.sdk.scheduler,1.0.0.v20100507-1815,"org.eclipse.equinox.p2.ui.sdk.scheduler",1365768532404
started,bundle,org.eclipse.equinox.p2.updatechecker,1.1.101.R36x_v20100823,"org.eclipse.equinox.p2.updatechecker",1365768532405
started,bundle,org.eclipse.equinox.preferences,3.3.0.v20100503,"org.eclipse.equinox.preferences",1365768532405
started,bundle,org.eclipse.equinox.registry,3.5.0.v20100503,"org.eclipse.equinox.registry",1365768532406
started,bundle,org.eclipse.equinox.security,1.0.200.v20100503,"org.eclipse.equinox.security",1365768532406
started,bundle,org.eclipse.equinox.util,1.0.200.v20100503,"org.eclipse.equinox.util",1365768532407
started,bundle,org.eclipse.help,3.5.0.v20100524,"org.eclipse.help",1365768532407
started,bundle,org.eclipse.jdt.apt.pluggable.core,1.0.301.R36_v20100727-0110,"org.eclipse.jdt.apt.pluggable.core",1365768532408
started,bundle,org.eclipse.jdt.core.manipulation,1.3.0.v20100520-0800,"org.eclipse.jdt.core.manipulation",1365768532408
started,bundle,org.eclipse.jdt.debug,3.6.1.v20100715_r361,"org.eclipse.jdt.debug",1365768532409
started,bundle,org.eclipse.jdt.junit,3.6.1.r361_v20100825-0800,"org.eclipse.jdt.junit",1365768532409
started,bundle,org.eclipse.jsch.core,1.1.200.I20100505-1245,"org.eclipse.jsch.core",1365768532410
started,bundle,org.eclipse.ltk.ui.refactoring,3.5.0.v20100526-0800,"org.eclipse.ltk.ui.refactoring",1365768532411
started,bundle,org.eclipse.search,3.6.0.v20100520-0800,"org.eclipse.search",1365768532414
started,bundle,org.eclipse.ui.console,3.5.0.v20100526,"org.eclipse.ui.console",1365768532415
started,bundle,org.eclipse.ui.editors,3.6.1.r361_v20100825-0800,"org.eclipse.ui.editors",1365768532415
started,bundle,org.eclipse.ui.forms,3.5.2.r36_v20100702,"org.eclipse.ui.forms",1365768532415
started,bundle,org.eclipse.ui.net,1.2.100.I20100505-1245,"org.eclipse.ui.net",1365768532416
started,bundle,org.eclipse.ui.workbench.texteditor,3.6.1.r361_v20100714-0800,"org.eclipse.ui.workbench.texteditor",1365768532417
started,bundle,org.eclipse.update.configurator,3.3.100.v20100512,"org.eclipse.update.configurator",1365768532417
started,bundle,org.eclipse.update.core,3.2.402.R36x_v20100629,"org.eclipse.update.core",1365768532418
started,bundle,org.eclipse.update.scheduler,3.2.300.v20100512,"org.eclipse.update.scheduler",1365768532418
started,bundle,com.android.ide.eclipse.adt,21.1.0.v201302060044-569685,"com.android.ide.eclipse.adt",1365768532420
started,bundle,com.android.ide.eclipse.base,21.1.0.v201302060044-569685,"com.android.ide.eclipse.base",1365768532421
started,bundle,org.eclipse.epp.usagedata.gathering,1.3.1.R201102081640,"org.eclipse.epp.usagedata.gathering",1365768532421
started,bundle,org.eclipse.epp.usagedata.recording,1.3.1.R201102081640,"org.eclipse.epp.usagedata.recording",1365768532422
started,bundle,org.eclipse.compare.core,3.5.101.R36x_v20100929-0800,"org.eclipse.compare.core",1365768532422
started,bundle,org.eclipse.core.resources,3.6.1.R36x_v20110131-1630,"org.eclipse.core.resources",1365768532423
started,bundle,org.eclipse.debug.ui,3.6.3.v20101201_r362,"org.eclipse.debug.ui",1365768532424
started,bundle,org.eclipse.equinox.p2.core,2.0.3.R36x_v20110111,"org.eclipse.equinox.p2.core",1365768532424
started,bundle,org.eclipse.equinox.p2.directorywatcher,1.0.203.R36x_v20101220,"org.eclipse.equinox.p2.directorywatcher",1365768532425
started,bundle,org.eclipse.equinox.p2.engine,2.0.1.R36x_v20110201,"org.eclipse.equinox.p2.engine",1365768532425
started,bundle,org.eclipse.equinox.p2.metadata,2.0.1.R36x_v20101202,"org.eclipse.equinox.p2.metadata",1365768532426
started,bundle,org.eclipse.equinox.p2.reconciler.dropins,1.1.2.R36x_v20110114,"org.eclipse.equinox.p2.reconciler.dropins",1365768532427
started,bundle,org.eclipse.equinox.p2.repository,2.0.2.R36x_v20110111-1500,"org.eclipse.equinox.p2.repository",1365768532427
started,bundle,org.eclipse.jdt.apt.core,3.3.402.R36_v20110120-1000,"org.eclipse.jdt.apt.core",1365768532428
started,bundle,org.eclipse.jdt.core,3.6.2.v_A76_R36x,"org.eclipse.jdt.core",1365768532428
started,bundle,org.eclipse.jdt.debug.ui,3.5.2.v20100928a_r362,"org.eclipse.jdt.debug.ui",1365768532428
started,bundle,org.eclipse.jdt.launching,3.5.200.v20110105_r362,"org.eclipse.jdt.launching",1365768532429
started,bundle,org.eclipse.jdt.ui,3.6.2.r362_v20110203,"org.eclipse.jdt.ui",1365768532429
started,bundle,org.eclipse.jface,3.6.2.M20110210-1200,"org.eclipse.jface",1365768532429
started,bundle,org.eclipse.ltk.core.refactoring,3.5.101.r362_v20101117-0800,"org.eclipse.ltk.core.refactoring",1365768532430
started,bundle,org.eclipse.mylyn.bugzilla.core,3.7.1.v20120425-0100,"org.eclipse.mylyn.bugzilla.core",1365768532431
started,bundle,org.eclipse.mylyn.bugzilla.ui,3.7.1.v20120425-0100,"org.eclipse.mylyn.bugzilla.ui",1365768532431
started,bundle,org.eclipse.mylyn.commons.core,3.7.1.v20120425-0100,"org.eclipse.mylyn.commons.core",1365768532432
started,bundle,org.eclipse.mylyn.commons.net,3.7.1.v20120425-0100,"org.eclipse.mylyn.commons.net",1365768532432
started,bundle,org.eclipse.mylyn.commons.notifications.core,0.9.1.v20120425-0100,"org.eclipse.mylyn.commons.notifications.core",1365768532432
started,bundle,org.eclipse.mylyn.commons.notifications.feed,0.9.1.v20120425-0100,"org.eclipse.mylyn.commons.notifications.feed",1365768532433
started,bundle,org.eclipse.mylyn.commons.ui,3.7.1.v20120425-0100,"org.eclipse.mylyn.commons.ui",1365768532433
started,bundle,org.eclipse.mylyn.commons.workbench,3.7.1.v20120425-0100,"org.eclipse.mylyn.commons.workbench",1365768532434
started,bundle,org.eclipse.mylyn.context.core,3.7.1.v20120425-0100,"org.eclipse.mylyn.context.core",1365768532434
started,bundle,org.eclipse.mylyn.context.tasks.ui,3.7.1.v20120425-0100,"org.eclipse.mylyn.context.tasks.ui",1365768532435
started,bundle,org.eclipse.mylyn.monitor.ui,3.7.1.v20120425-0100,"org.eclipse.mylyn.monitor.ui",1365768532435
started,bundle,org.eclipse.mylyn.tasks.ui,3.7.1.v20120425-0100,"org.eclipse.mylyn.tasks.ui",1365768532436
started,bundle,org.eclipse.mylyn.team.ui,3.7.1.v20120425-0100,"org.eclipse.mylyn.team.ui",1365768532437
started,bundle,org.eclipse.team.core,3.5.101.R36x_v20110203-1036,"org.eclipse.team.core",1365768532437
started,bundle,org.eclipse.team.cvs.core,3.3.301.R36x_v20110119-0815,"org.eclipse.team.cvs.core",1365768532438
started,bundle,org.eclipse.team.cvs.ui,3.3.302.R36x_v20110203-1036,"org.eclipse.team.cvs.ui",1365768532439
started,bundle,org.eclipse.team.ui,3.5.102.R36x_v20110203-1036,"org.eclipse.team.ui",1365768532454
started,bundle,org.eclipse.ui,3.6.2.M20110203-1100,"org.eclipse.ui",1365768532455
started,bundle,org.eclipse.ui.ide,3.6.2.M20101201-0800,"org.eclipse.ui.ide",1365768532457
started,bundle,org.eclipse.ui.views,3.5.1.M20110202-0800,"org.eclipse.ui.views",1365768532457
started,bundle,org.eclipse.ui.workbench,3.6.2.M20110210-1200,"org.eclipse.ui.workbench",1365768532458
started,bundle,org.eclipse.cdt.core,5.2.1.201102110609,"org.eclipse.cdt.core",1365768532459
started,bundle,org.eclipse.cdt.dsf.gdb.ui,2.1.0.201102110609,"org.eclipse.cdt.dsf.gdb.ui",1365768532459
started,bundle,org.eclipse.cdt.make.core,7.0.1.201102110609,"org.eclipse.cdt.make.core",1365768532460
started,bundle,org.eclipse.cdt.managedbuilder.core,7.0.2.201102110609,"org.eclipse.cdt.managedbuilder.core",1365768532461
os,sysinfo,,,"macosx",1365768532464
arch,sysinfo,,,"x86_64",1365768532464
ws,sysinfo,,,"cocoa",1365768532464
locale,sysinfo,,,"sv_SE",1365768532464
processors,sysinfo,,,"2",1365768532464
java.runtime.name,sysinfo,,,"Java(TM) SE Runtime Environment",1365768532464
java.runtime.version,sysinfo,,,"1.6.0_43-b01-447-11M4203",1365768532464
java.specification.name,sysinfo,,,"Java Platform API Specification",1365768532464
java.specification.vendor,sysinfo,,,"Sun Microsystems Inc.",1365768532464
java.specification.version,sysinfo,,,"1.6",1365768532464
java.vendor,sysinfo,,,"Apple Inc.",1365768532464
java.version,sysinfo,,,"1.6.0_43",1365768532464
java.vm.info,sysinfo,,,"mixed mode",1365768532464
java.vm.name,sysinfo,,,"Java HotSpot(TM) 64-Bit Server VM",1365768532464
java.vm.specification.name,sysinfo,,,"Java Virtual Machine Specification",1365768532464
java.vm.specification.vendor,sysinfo,,,"Sun Microsystems Inc.",1365768532464
java.vm.specification.version,sysinfo,,,"1.0",1365768532464
java.vm.vendor,sysinfo,,,"Apple Inc.",1365768532464
java.vm.version,sysinfo,,,"20.14-b01-447",1365768532464
started,bundle,org.eclipse.cdt.ui,5.2.2.201102110609,"org.eclipse.cdt.ui",1365768532575
started,bundle,org.eclipse.cdt.make.ui,7.0.0.201102110609,"org.eclipse.cdt.make.ui",1365768532579
started,bundle,org.eclipse.wst.sse.core,1.1.504.v201102160550,"org.eclipse.wst.sse.core",1365768535511
started,bundle,org.eclipse.wst.xml.core,1.1.503.v201102102045,"org.eclipse.wst.xml.core",1365768535825
started,bundle,org.eclipse.wst.common.uriresolver,1.1.401.v201004280700,"org.eclipse.wst.common.uriresolver",1365768536283
started,bundle,org.eclipse.ui.navigator,3.5.0.I20100601-0800,"org.eclipse.ui.navigator",1365768537070
activated,view,org.eclipse.jdt.ui,3.6.2.r362_v20110203,"org.eclipse.jdt.ui.PackageExplorer",1365768537099
activated,editor,org.eclipse.jdt.ui,3.6.2.r362_v20110203,"org.eclipse.jdt.ui.CompilationUnitEditor",1365768557406
started,bundle,org.eclipse.wst.sse.ui,1.2.3.v201102102045,"org.eclipse.wst.sse.ui",1365768558450
started,bundle,org.eclipse.wst.xml.ui,1.1.103.v201101122108,"org.eclipse.wst.xml.ui",1365768558455
started,bundle,org.eclipse.wst.validation,1.2.201.v201101270100,"org.eclipse.wst.validation",1365768559341
started,bundle,org.eclipse.wst.common.project.facet.core,1.4.102.v201008170019,"org.eclipse.wst.common.project.facet.core",1365768559343
started,bundle,org.eclipse.wst.dtd.ui,1.0.500.v201004290328,"org.eclipse.wst.dtd.ui",1365768559416
started,bundle,org.eclipse.emf.common,2.6.0.v20100914-1218,"org.eclipse.emf.common",1365768559437
started,bundle,org.eclipse.wst.common.frameworks,1.2.0.v201003040800,"org.eclipse.wst.common.frameworks",1365768560342
started,bundle,org.eclipse.wst.internet.cache,1.0.400.v201004280700,"org.eclipse.wst.internet.cache",1365768560446
opened,editor,com.android.ide.eclipse.adt,21.1.0.v201302060044-569685,"com.android.ide.eclipse.editors.CommonXmlEditor",1365768568010
activated,editor,com.android.ide.eclipse.adt,21.1.0.v201302060044-569685,"com.android.ide.eclipse.editors.CommonXmlEditor",1365768568163
closed,editor,org.eclipse.jdt.ui,3.6.2.r362_v20110203,"org.eclipse.jdt.ui.CompilationUnitEditor",1365768568170
opened,editor,org.eclipse.jdt.ui,3.6.2.r362_v20110203,"org.eclipse.jdt.ui.CompilationUnitEditor",1365768568528
activated,editor,org.eclipse.jdt.ui,3.6.2.r362_v20110203,"org.eclipse.jdt.ui.CompilationUnitEditor",1365768568718
started,bundle,org.eclipse.jdt.junit.core,3.6.1.r361_v20100825-0800,"org.eclipse.jdt.junit.core",1365768571837
started,bundle,org.eclipse.cdt.debug.core,7.0.0.201102110609,"org.eclipse.cdt.debug.core",1365768571931
started,bundle,org.eclipse.cdt.debug.ui,7.0.0.201102110609,"org.eclipse.cdt.debug.ui",1365768571939
deactivated,workbench,org.eclipse.ui.workbench,3.6.2.M20110210-1200,"",1365768573467
activated,workbench,org.eclipse.ui.workbench,3.6.2.M20110210-1200,"",1365768576041
started,bundle,com.android.ide.eclipse.ndk,21.1.0.v201302060044-569685,"com.android.ide.eclipse.ndk",1365768583122
deactivated,workbench,org.eclipse.ui.workbench,3.6.2.M20110210-1200,"",1365768591591
activated,workbench,org.eclipse.ui.workbench,3.6.2.M20110210-1200,"",1365768592981
deactivated,workbench,org.eclipse.ui.workbench,3.6.2.M20110210-1200,"",1365768603237
activated,workbench,org.eclipse.ui.workbench,3.6.2.M20110210-1200,"",1365768683670
activated,view,org.eclipse.jdt.ui,3.6.2.r362_v20110203,"org.eclipse.jdt.ui.PackageExplorer",1365768685327
started,bundle,org.eclipse.compare,3.5.101.R36x_v20100929-0800,"org.eclipse.compare",1365768686018
started,bundle,com.android.ide.eclipse.ddms,21.1.0.v201302060044-569685,"com.android.ide.eclipse.ddms",1365768691351
executed,command,,,"com.android.ide.eclipse.adt.debug.launching.LaunchShortcut.run",1365768691468
started,bundle,com.android.ide.eclipse.traceview,21.1.0.v201302060044-569685,"com.android.ide.eclipse.traceview",1365768691731
started,bundle,org.eclipse.cdt.dsf,2.1.1.201102110609,"org.eclipse.cdt.dsf",1365768692068
started,bundle,org.eclipse.cdt.dsf.gdb,3.0.0.201102110609,"org.eclipse.cdt.dsf.gdb",1365768692071
deactivated,workbench,org.eclipse.ui.workbench,3.6.2.M20110210-1200,"",1365768697844
activated,workbench,org.eclipse.ui.workbench,3.6.2.M20110210-1200,"",1365768709544
activated,view,org.eclipse.ui.console,3.5.0.v20100526,"org.eclipse.ui.console.ConsoleView",1365768717442
deactivated,workbench,org.eclipse.ui.workbench,3.6.2.M20110210-1200,"",1365768717969
activated,workbench,org.eclipse.ui.workbench,3.6.2.M20110210-1200,"",1365768722391
opened,view,com.android.ide.eclipse.ddms,21.1.0.v201302060044-569685,"com.android.ide.eclipse.ddms.views.LogCatView",1365768722654
activated,view,com.android.ide.eclipse.ddms,21.1.0.v201302060044-569685,"com.android.ide.eclipse.ddms.views.LogCatView",1365768722688
activated,view,org.eclipse.ui.console,3.5.0.v20100526,"org.eclipse.ui.console.ConsoleView",1365768727667
deactivated,workbench,org.eclipse.ui.workbench,3.6.2.M20110210-1200,"",1365768733947
activated,workbench,org.eclipse.ui.workbench,3.6.2.M20110210-1200,"",1365768734339
deactivated,workbench,org.eclipse.ui.workbench,3.6.2.M20110210-1200,"",1365768735843
activated,workbench,org.eclipse.ui.workbench,3.6.2.M20110210-1200,"",1365768860141
activated,view,org.eclipse.jdt.ui,3.6.2.r362_v20110203,"org.eclipse.jdt.ui.PackageExplorer",1365768870402
opened,editor,org.eclipse.jdt.ui,3.6.2.r362_v20110203,"org.eclipse.jdt.ui.CompilationUnitEditor",1365768870752
activated,editor,org.eclipse.jdt.ui,3.6.2.r362_v20110203,"org.eclipse.jdt.ui.CompilationUnitEditor",1365768870864
activated,editor,com.android.ide.eclipse.adt,21.1.0.v201302060044-569685,"com.android.ide.eclipse.editors.CommonXmlEditor",1365768890680
activated,view,org.eclipse.jdt.ui,3.6.2.r362_v20110203,"org.eclipse.jdt.ui.PackageExplorer",1365768893864
opened,editor,com.android.ide.eclipse.adt,21.1.0.v201302060044-569685,"com.android.ide.eclipse.editors.CommonXmlEditor",1365768898133
activated,editor,com.android.ide.eclipse.adt,21.1.0.v201302060044-569685,"com.android.ide.eclipse.editors.CommonXmlEditor",1365768898262
activated,editor,org.eclipse.jdt.ui,3.6.2.r362_v20110203,"org.eclipse.jdt.ui.CompilationUnitEditor",1365768905926
executed,command,org.eclipse.ui,3.6.2.M20110203-1100,"org.eclipse.ui.file.save",1365768907002
activated,editor,com.android.ide.eclipse.adt,21.1.0.v201302060044-569685,"com.android.ide.eclipse.editors.CommonXmlEditor",1365768908839
activated,editor,org.eclipse.jdt.ui,3.6.2.r362_v20110203,"org.eclipse.jdt.ui.CompilationUnitEditor",1365768917534
executed,command,org.eclipse.ui,3.6.2.M20110203-1100,"org.eclipse.ui.file.save",1365768931064
deactivated,workbench,org.eclipse.ui.workbench,3.6.2.M20110210-1200,"",1365768957278
activated,workbench,org.eclipse.ui.workbench,3.6.2.M20110210-1200,"",1365768961759
deactivated,workbench,org.eclipse.ui.workbench,3.6.2.M20110210-1200,"",1365768964640
activated,workbench,org.eclipse.ui.workbench,3.6.2.M20110210-1200,"",1365769049136
activated,editor,org.eclipse.jdt.ui,3.6.2.r362_v20110203,"org.eclipse.jdt.ui.CompilationUnitEditor",1365769050504
activated,editor,org.eclipse.jdt.ui,3.6.2.r362_v20110203,"org.eclipse.jdt.ui.CompilationUnitEditor",1365769064057
deactivated,workbench,org.eclipse.ui.workbench,3.6.2.M20110210-1200,"",1365769065396
activated,workbench,org.eclipse.ui.workbench,3.6.2.M20110210-1200,"",1365769068219
activated,editor,org.eclipse.jdt.ui,3.6.2.r362_v20110203,"org.eclipse.jdt.ui.CompilationUnitEditor",1365769069801
deactivated,workbench,org.eclipse.ui.workbench,3.6.2.M20110210-1200,"",1365769082778
activated,workbench,org.eclipse.ui.workbench,3.6.2.M20110210-1200,"",1365769098339
deactivated,workbench,org.eclipse.ui.workbench,3.6.2.M20110210-1200,"",1365769113260
activated,workbench,org.eclipse.ui.workbench,3.6.2.M20110210-1200,"",1365769119424
deactivated,workbench,org.eclipse.ui.workbench,3.6.2.M20110210-1200,"",1365769123721
activated,workbench,org.eclipse.ui.workbench,3.6.2.M20110210-1200,"",1365769125053
started,bundle,org.eclipse.mylyn.java.ui,3.7.1.v20120425-0100,"org.eclipse.mylyn.java.ui",1365769126197
deactivated,workbench,org.eclipse.ui.workbench,3.6.2.M20110210-1200,"",1365769131402
activated,workbench,org.eclipse.ui.workbench,3.6.2.M20110210-1200,"",1365769132636
deactivated,workbench,org.eclipse.ui.workbench,3.6.2.M20110210-1200,"",1365769137758
activated,workbench,org.eclipse.ui.workbench,3.6.2.M20110210-1200,"",1365769138922
executed,command,,,"AUTOGEN:::org.eclipse.jdt.internal.ui.CompilationUnitEditor.ruler.actions/org.eclipse.jdt.internal.ui.javaeditor.JavaSelectRulerAction",1365769145709
deactivated,workbench,org.eclipse.ui.workbench,3.6.2.M20110210-1200,"",1365769152987
activated,workbench,org.eclipse.ui.workbench,3.6.2.M20110210-1200,"",1365769155536
executed,command,,,"AUTOGEN:::org.eclipse.jdt.internal.ui.CompilationUnitEditor.ruler.actions/org.eclipse.jdt.internal.ui.javaeditor.JavaSelectRulerAction",1365769162952
activated,editor,com.android.ide.eclipse.adt,21.1.0.v201302060044-569685,"com.android.ide.eclipse.editors.CommonXmlEditor",1365769166807
activated,editor,org.eclipse.jdt.ui,3.6.2.r362_v20110203,"org.eclipse.jdt.ui.CompilationUnitEditor",1365769171792
opened,editor,com.android.ide.eclipse.adt,21.1.0.v201302060044-569685,"com.android.ide.eclipse.editors.manifest.ManifestEditor",1365769175778
activated,editor,com.android.ide.eclipse.adt,21.1.0.v201302060044-569685,"com.android.ide.eclipse.editors.manifest.ManifestEditor",1365769175913
activated,editor,org.eclipse.jdt.ui,3.6.2.r362_v20110203,"org.eclipse.jdt.ui.CompilationUnitEditor",1365769176680
activated,editor,com.android.ide.eclipse.adt,21.1.0.v201302060044-569685,"com.android.ide.eclipse.editors.CommonXmlEditor",1365769177552
activated,editor,org.eclipse.jdt.ui,3.6.2.r362_v20110203,"org.eclipse.jdt.ui.CompilationUnitEditor",1365769180555
closed,editor,com.android.ide.eclipse.adt,21.1.0.v201302060044-569685,"com.android.ide.eclipse.editors.CommonXmlEditor",1365769180555
activated,workbench,org.eclipse.ui.workbench,3.6.2.M20110210-1200,"",1365769182543
deactivated,workbench,org.eclipse.ui.workbench,3.6.2.M20110210-1200,"",1365769182884
activated,workbench,org.eclipse.ui.workbench,3.6.2.M20110210-1200,"",1365769185518
activated,editor,com.android.ide.eclipse.adt,21.1.0.v201302060044-569685,"com.android.ide.eclipse.editors.manifest.ManifestEditor",1365769185825
closed,editor,org.eclipse.jdt.ui,3.6.2.r362_v20110203,"org.eclipse.jdt.ui.CompilationUnitEditor",1365769185825
activated,editor,org.eclipse.jdt.ui,3.6.2.r362_v20110203,"org.eclipse.jdt.ui.CompilationUnitEditor",1365769187326
activated,view,org.eclipse.jdt.ui,3.6.2.r362_v20110203,"org.eclipse.jdt.ui.PackageExplorer",1365769188781
started,bundle,org.eclipse.mylyn.context.ui,3.7.1.v20120425-0100,"org.eclipse.mylyn.context.ui",1365769188973
opened,editor,org.eclipse.jdt.ui,3.6.2.r362_v20110203,"org.eclipse.jdt.ui.CompilationUnitEditor",1365769189216
activated,editor,org.eclipse.jdt.ui,3.6.2.r362_v20110203,"org.eclipse.jdt.ui.CompilationUnitEditor",1365769189344
deactivated,workbench,org.eclipse.ui.workbench,3.6.2.M20110210-1200,"",1365769195079
activated,workbench,org.eclipse.ui.workbench,3.6.2.M20110210-1200,"",1365769198237
deactivated,workbench,org.eclipse.ui.workbench,3.6.2.M20110210-1200,"",1365769205574
activated,workbench,org.eclipse.ui.workbench,3.6.2.M20110210-1200,"",1365769212687
executed,command,,,"AUTOGEN:::org.eclipse.jdt.internal.ui.CompilationUnitEditor.ruler.actions/org.eclipse.jdt.internal.ui.javaeditor.JavaSelectRulerAction",1365769252170
deactivated,workbench,org.eclipse.ui.workbench,3.6.2.M20110210-1200,"",1365769258587
activated,workbench,org.eclipse.ui.workbench,3.6.2.M20110210-1200,"",1365769259331
executed,command,,,"AUTOGEN:::org.eclipse.jdt.internal.ui.CompilationUnitEditor.ruler.actions/org.eclipse.jdt.internal.ui.javaeditor.JavaSelectRulerAction",1365769262427
deactivated,workbench,org.eclipse.ui.workbench,3.6.2.M20110210-1200,"",1365769271051
activated,workbench,org.eclipse.ui.workbench,3.6.2.M20110210-1200,"",1365769278939
executed,command,,,"AUTOGEN:::org.eclipse.jdt.internal.ui.CompilationUnitEditor.ruler.actions/org.eclipse.jdt.internal.ui.javaeditor.JavaSelectRulerAction",1365769281392
deactivated,workbench,org.eclipse.ui.workbench,3.6.2.M20110210-1200,"",1365769296098
activated,workbench,org.eclipse.ui.workbench,3.6.2.M20110210-1200,"",1365769296372
executed,command,,,"AUTOGEN:::org.eclipse.jdt.internal.ui.CompilationUnitEditor.ruler.actions/org.eclipse.jdt.internal.ui.javaeditor.JavaSelectRulerAction",1365769301132
deactivated,workbench,org.eclipse.ui.workbench,3.6.2.M20110210-1200,"",1365769302974
activated,workbench,org.eclipse.ui.workbench,3.6.2.M20110210-1200,"",1365769303220
executed,command,org.eclipse.ui,3.6.2.M20110203-1100,"org.eclipse.ui.file.save",1365769309547
deactivated,workbench,org.eclipse.ui.workbench,3.6.2.M20110210-1200,"",1365769317693
activated,workbench,org.eclipse.ui.workbench,3.6.2.M20110210-1200,"",1365769381155
deactivated,workbench,org.eclipse.ui.workbench,3.6.2.M20110210-1200,"",1365769387832
activated,workbench,org.eclipse.ui.workbench,3.6.2.M20110210-1200,"",1365769392416
deactivated,workbench,org.eclipse.ui.workbench,3.6.2.M20110210-1200,"",1365769393466
activated,workbench,org.eclipse.ui.workbench,3.6.2.M20110210-1200,"",1365769505614
deactivated,workbench,org.eclipse.ui.workbench,3.6.2.M20110210-1200,"",1365769516872
activated,workbench,org.eclipse.ui.workbench,3.6.2.M20110210-1200,"",1365769518119
deactivated,workbench,org.eclipse.ui.workbench,3.6.2.M20110210-1200,"",1365769524017
activated,workbench,org.eclipse.ui.workbench,3.6.2.M20110210-1200,"",1365769525112
deactivated,workbench,org.eclipse.ui.workbench,3.6.2.M20110210-1200,"",1365769529269
activated,workbench,org.eclipse.ui.workbench,3.6.2.M20110210-1200,"",1365769535925
deactivated,workbench,org.eclipse.ui.workbench,3.6.2.M20110210-1200,"",1365769559277
activated,workbench,org.eclipse.ui.workbench,3.6.2.M20110210-1200,"",1365769566291
executed,command,,,"AUTOGEN:::org.eclipse.jdt.internal.ui.CompilationUnitEditor.ruler.actions/org.eclipse.jdt.internal.ui.javaeditor.JavaSelectRulerAction",1365769576161
deactivated,workbench,org.eclipse.ui.workbench,3.6.2.M20110210-1200,"",1365769579500
activated,workbench,org.eclipse.ui.workbench,3.6.2.M20110210-1200,"",1365769595847
deactivated,workbench,org.eclipse.ui.workbench,3.6.2.M20110210-1200,"",1365769608599
activated,workbench,org.eclipse.ui.workbench,3.6.2.M20110210-1200,"",1365769627391
deactivated,workbench,org.eclipse.ui.workbench,3.6.2.M20110210-1200,"",1365769658545
activated,workbench,org.eclipse.ui.workbench,3.6.2.M20110210-1200,"",1365769667173
